,A,size,NNZ,time,memory_usage,relative_error,host,platform,runtime_version,library,library_version
1,Flan_1565.mat,1564794,114165372,505.366,15889.0,5.335019750754636e-10,T14,LINUX,3.10.7,scipy,1.8.1
2,Flan_1565.mat,1564794,114165372,538.933,43646.983,1.6777654401914014e-12,T14,WINDOWS,1.9.0,LinearAlgebra,1.9.0
3,G3_circuit.mat,1585478,7660826,94.439,1706.0,3.340374170407253e-11,T14,LINUX,3.10.7,scipy,1.8.1
4,G3_circuit.mat,1585478,7660826,338.934,2357.0,5.822449519851718e-11,T14,WINDOWS,3.11.3,scipy,1.10.1
5,G3_circuit.mat,1585478,7660826,8.597,3070.811,4.8845693805895814e-12,T14,WINDOWS,1.9.0,LinearAlgebra,1.9.0
6,G3_circuit.mat,1585478,7660826,12.459,3070.811,4.887054562149133e-12,T14,LINUX,1.9.0,LinearAlgebra,1.9.0
8,StocF-1465.mat,1465137,21005389,357.167,10633.0,1.897430025033636e-08,T14,LINUX,3.10.7,scipy,1.8.1
9,StocF-1465.mat,1465137,21005389,483.85,39483.772,2.38859103735993e-10,T14,WINDOWS,1.9.0,LinearAlgebra,1.9.0
10,apache2.mat,715176,4817870,65.471,1889.0,1.7002810737777334e-10,T14,LINUX,3.10.7,scipy,1.8.1
11,apache2.mat,715176,4817870,262.476,1989.0,2.2407633039974432e-10,T14,WINDOWS,3.11.3,scipy,1.10.1
12,apache2.mat,715176,4817870,7.992,2346.682,5.603392489040284e-11,T14,LINUX,1.9.0,LinearAlgebra,1.9.0
13,apache2.mat,715176,4817870,6.524,2346.682,5.603586530796691e-11,T14,WINDOWS,1.9.0,LinearAlgebra,1.9.0
14,apache2.mat,715176,4817870,646.192,27490.578,3.6574968295136596e-11,T14,WINDOWS,9.13.0.2193358 (R2022b) Update 5,MATLAB,9.13.0.2193358 (R2022b) Update 5
15,cfd1.mat,70656,1825580,38.413,485.0,2.4766986277701315e-11,T14,WINDOWS,3.11.3,scipy,1.10.1
16,cfd1.mat,70656,1825580,1.587,540.364,6.175252089636572e-14,T14,WINDOWS,1.9.0,LinearAlgebra,1.9.0
17,cfd1.mat,70656,1825580,1.492,540.85,7.066262337782122e-14,T14,LINUX,1.9.0,LinearAlgebra,1.9.0
18,cfd1.mat,70656,1825580,2.933,686.0,1.1128217184374516e-11,T14,LINUX,3.10.7,scipy,1.8.1
19,cfd1.mat,70656,1825580,119.124,991.015,4.5243033914395386e-11,T14,WINDOWS,19.0.1+10-21,org.ejml,0.43
20,cfd1.mat,70656,1825580,76.96,992.04,4.5243033914395386e-11,T14,LINUX,19.0.1+10-21,org.ejml,0.43
21,cfd1.mat,70656,1825580,3.856,1286.217,6.34538478147565e-13,T14,LINUX,9.14.0.2254940 (R2023a) Update 2,MATLAB,9.14.0.2254940 (R2023a) Update 2
22,cfd1.mat,70656,1825580,6.543,1302.864,6.34538478147565e-13,T14,WINDOWS,9.13.0.2193358 (R2022b) Update 5,MATLAB,9.13.0.2193358 (R2022b) Update 5
23,cfd2.mat,123440,3085406,14.708,853.0,1.6563843956904544e-11,T14,LINUX,3.10.7,scipy,1.8.1
24,cfd2.mat,123440,3085406,123.298,865.0,3.416464168236045e-11,T14,WINDOWS,3.11.3,scipy,1.10.1
25,cfd2.mat,123440,3085406,2.662,1019.364,3.0757606337688914e-13,T14,LINUX,1.9.0,LinearAlgebra,1.9.0
26,cfd2.mat,123440,3085406,2.34,1019.364,2.742635221668433e-13,T14,WINDOWS,1.9.0,LinearAlgebra,1.9.0
27,cfd2.mat,123440,3085406,121.924,1927.052,2.1932051396925667e-11,T14,LINUX,19.0.1+10-21,org.ejml,0.43
28,cfd2.mat,123440,3085406,121.138,1928.133,2.1932051396925667e-11,T14,WINDOWS,19.0.1+10-21,org.ejml,0.43
29,cfd2.mat,123440,3085406,13.065,2503.078,7.98365236412681e-13,T14,WINDOWS,9.13.0.2193358 (R2022b) Update 5,MATLAB,9.13.0.2193358 (R2022b) Update 5
30,cfd2.mat,123440,3085406,6.551,18446744071912.7,7.98365236412681e-13,T14,LINUX,9.14.0.2254940 (R2023a) Update 2,MATLAB,9.14.0.2254940 (R2023a) Update 2
31,ex15.mat,6867,98671,0.058,4.145,8.21380186712579e-07,T14,WINDOWS,9.13.0.2193358 (R2022b) Update 5,MATLAB,9.13.0.2193358 (R2022b) Update 5
32,ex15.mat,6867,98671,0.05,4.187,8.21380186712579e-07,T14,LINUX,9.14.0.2254940 (R2023a) Update 2,MATLAB,9.14.0.2254940 (R2023a) Update 2
33,ex15.mat,6867,98671,0.008,5.005,8.007992879830333e-07,T14,WINDOWS,19.0.1+10-21,org.ejml,0.43
34,ex15.mat,6867,98671,0.009,5.121,8.007992879830333e-07,T14,LINUX,19.0.1+10-21,org.ejml,0.43
35,ex15.mat,6867,98671,0.026,11.483,5.814971198179812e-07,T14,LINUX,1.9.0,LinearAlgebra,1.9.0
36,ex15.mat,6867,98671,0.017,11.483,5.814971198179812e-07,T14,WINDOWS,1.9.0,LinearAlgebra,1.9.0
37,ex15.mat,6867,98671,0.036,87.0,3.971773333623414e-07,T14,WINDOWS,3.11.3,scipy,1.10.1
38,ex15.mat,6867,98671,0.273,500.0,3.499453003188838e-07,T14,LINUX,3.10.7,scipy,1.8.1
39,parabolic_fem.mat,525825,3674625,18.538,582.0,2.3539013287920422e-11,T14,WINDOWS,3.11.3,scipy,1.10.1
40,parabolic_fem.mat,525825,3674625,3.396,771.373,7.128437228669382e-13,T14,LINUX,1.9.0,LinearAlgebra,1.9.0
41,parabolic_fem.mat,525825,3674625,2.045,771.373,7.100187179773799e-13,T14,WINDOWS,1.9.0,LinearAlgebra,1.9.0
42,parabolic_fem.mat,525825,3674625,23.58,975.0,1.9151489429408058e-11,T14,LINUX,3.10.7,scipy,1.8.1
43,shallow_water1.mat,81920,327680,0.147,75.02,2.016529302783865e-16,T14,WINDOWS,1.9.0,LinearAlgebra,1.9.0
44,shallow_water1.mat,81920,327680,0.554,75.02,2.016529302783865e-16,T14,LINUX,1.9.0,LinearAlgebra,1.9.0
45,shallow_water1.mat,81920,327680,0.736,130.0,3.7554459567620013e-16,T14,WINDOWS,3.11.3,scipy,1.10.1
46,shallow_water1.mat,81920,327680,10.416,290.06,3.559139388951707e-16,T14,LINUX,19.0.1+10-21,org.ejml,0.43
47,shallow_water1.mat,81920,327680,8.958,291.207,3.559139388951707e-16,T14,WINDOWS,19.0.1+10-21,org.ejml,0.43
48,shallow_water1.mat,81920,327680,1.72,368.865,3.07688798314869e-16,T14,LINUX,9.14.0.2254940 (R2023a) Update 2,MATLAB,9.14.0.2254940 (R2023a) Update 2
49,shallow_water1.mat,81920,327680,2.09,368.931,3.07688798314869e-16,T14,WINDOWS,9.13.0.2193358 (R2022b) Update 5,MATLAB,9.13.0.2193358 (R2022b) Update 5
50,shallow_water1.mat,81920,327680,10.179,501.0,3.277121761195345e-16,T14,LINUX,3.10.7,scipy,1.8.1
